{"stat.chestOpened":107,"stat.useItem.minecraft.sticky_piston":17,"stat.useItem.minecraft.quartz_block":1040,"stat.useItem.minecraft.stone":228,"stat.useItem.minecraft.quartz_stairs":170,"stat.useItem.minecraft.repeater":37,"stat.leaveGame":35,"stat.useItem.minecraft.glowstone":3,"stat.jump":2158,"stat.useItem.minecraft.sand":2,"stat.useItem.minecraft.planks":203,"stat.fallOneCm":55587,"stat.useItem.minecraft.trapped_chest":1,"stat.crouchOneCm":85249,"stat.useItem.minecraft.redstone_torch":148,"stat.useItem.minecraft.dirt":42,"stat.useItem.minecraft.stone_button":1,"stat.mineBlock.minecraft.red_sandstone":51,"achievement.exploreAllBiomes":{"value":0,"progress":["Plains"]},"stat.useItem.minecraft.red_flower":1,"stat.useItem.minecraft.leaves2":4,"stat.damageTaken":860,"stat.useItem.minecraft.iron_ore":3,"stat.useItem.minecraft.golden_pickaxe":51,"stat.useItem.minecraft.anvil":1,"stat.flyOneCm":1798312,"stat.useItem.minecraft.birch_fence":51,"stat.killEntity.Villager":10,"stat.useItem.minecraft.wool":71,"stat.timeSinceDeath":178562,"stat.useItem.minecraft.sign":81,"stat.useItem.minecraft.wooden_slab":10,"stat.useItem.minecraft.command_block":102,"stat.walkOneCm":781596,"stat.useItem.minecraft.chest":3,"stat.useItem.minecraft.log":10,"stat.useItem.minecraft.comparator":23,"stat.useItem.minecraft.tnt":338,"stat.killEntity.Creeper":3,"stat.useItem.minecraft.double_plant":1,"stat.useItem.minecraft.redstone_block":49,"stat.useItem.minecraft.redstone":296,"stat.useItem.minecraft.birch_fence_gate":2,"stat.useItem.minecraft.red_sandstone":3406,"stat.useItem.minecraft.leaves":7,"stat.sprintOneCm":439035,"stat.useItem.minecraft.diamond_block":8,"stat.useItem.minecraft.tallgrass":1,"stat.useItem.minecraft.fence":216,"stat.killEntity.Skeleton":4,"stat.useItem.minecraft.stone_slab":6,"stat.useItem.minecraft.bed":1,"achievement.openInventory":187,"stat.useItem.minecraft.cauldron":4,"stat.useItem.minecraft.barrier":92,"stat.mobKills":25,"stat.useItem.minecraft.wooden_pressure_plate":1,"stat.useItem.minecraft.dye":44,"stat.deaths":4,"stat.useItem.minecraft.cobblestone_wall":14,"stat.drop":201,"stat.playOneMinute":391266,"stat.killEntity.Zombie":6,"stat.useItem.minecraft.birch_stairs":53,"stat.useItem.minecraft.web":1}