{"stat.chestOpened":67,"stat.useItem.minecraft.quartz_block":953,"stat.useItem.minecraft.stone":154,"stat.useItem.minecraft.quartz_stairs":51,"stat.useItem.minecraft.repeater":22,"stat.leaveGame":10,"stat.useItem.minecraft.glowstone":2,"stat.jump":487,"stat.useItem.minecraft.planks":172,"stat.fallOneCm":4846,"stat.useItem.minecraft.trapped_chest":1,"stat.crouchOneCm":49916,"stat.useItem.minecraft.redstone_torch":29,"stat.useItem.minecraft.dirt":40,"stat.useItem.minecraft.stone_button":1,"achievement.exploreAllBiomes":{"value":0,"progress":["Plains"]},"stat.useItem.minecraft.red_flower":1,"stat.useItem.minecraft.leaves2":4,"stat.damageTaken":860,"stat.useItem.minecraft.iron_ore":3,"stat.useItem.minecraft.anvil":1,"stat.flyOneCm":1031377,"stat.useItem.minecraft.birch_fence":2,"stat.killEntity.Villager":10,"stat.useItem.minecraft.wool":70,"stat.timeSinceDeath":3372,"stat.useItem.minecraft.sign":12,"stat.useItem.minecraft.wooden_slab":4,"stat.useItem.minecraft.command_block":55,"stat.walkOneCm":310371,"stat.useItem.minecraft.chest":3,"stat.useItem.minecraft.log":9,"stat.useItem.minecraft.comparator":6,"stat.useItem.minecraft.tnt":338,"stat.killEntity.Creeper":3,"stat.useItem.minecraft.double_plant":1,"stat.useItem.minecraft.redstone_block":42,"stat.useItem.minecraft.redstone":153,"stat.useItem.minecraft.birch_fence_gate":2,"stat.useItem.minecraft.red_sandstone":461,"stat.useItem.minecraft.leaves":7,"stat.sprintOneCm":159949,"stat.useItem.minecraft.diamond_block":8,"stat.useItem.minecraft.tallgrass":1,"stat.useItem.minecraft.fence":216,"stat.killEntity.Skeleton":4,"achievement.openInventory":129,"stat.useItem.minecraft.cauldron":4,"stat.useItem.minecraft.barrier":92,"stat.mobKills":25,"stat.useItem.minecraft.wooden_pressure_plate":1,"stat.useItem.minecraft.dye":44,"stat.deaths":4,"stat.drop":72,"stat.playOneMinute":216076,"stat.killEntity.Zombie":6,"stat.useItem.minecraft.birch_stairs":7,"stat.useItem.minecraft.web":1}