{"stat.chestOpened":61,"stat.useItem.minecraft.quartz_block":947,"stat.useItem.minecraft.stone":111,"stat.useItem.minecraft.quartz_stairs":51,"stat.useItem.minecraft.repeater":22,"stat.leaveGame":8,"stat.useItem.minecraft.glowstone":2,"stat.jump":432,"stat.useItem.minecraft.planks":172,"stat.fallOneCm":406,"stat.useItem.minecraft.trapped_chest":1,"stat.crouchOneCm":46824,"stat.useItem.minecraft.redstone_torch":27,"stat.useItem.minecraft.dirt":39,"achievement.exploreAllBiomes":{"value":0,"progress":["Plains"]},"stat.useItem.minecraft.red_flower":1,"stat.useItem.minecraft.leaves2":4,"stat.damageTaken":620,"stat.useItem.minecraft.iron_ore":3,"stat.flyOneCm":1017590,"stat.useItem.minecraft.birch_fence":2,"stat.killEntity.Villager":10,"stat.useItem.minecraft.wool":70,"stat.timeSinceDeath":184288,"stat.useItem.minecraft.sign":10,"stat.useItem.minecraft.wooden_slab":4,"stat.useItem.minecraft.command_block":49,"stat.walkOneCm":287337,"stat.useItem.minecraft.chest":3,"stat.useItem.minecraft.log":9,"stat.useItem.minecraft.comparator":6,"stat.useItem.minecraft.tnt":338,"stat.killEntity.Creeper":3,"stat.useItem.minecraft.double_plant":1,"stat.useItem.minecraft.redstone_block":42,"stat.useItem.minecraft.redstone":123,"stat.useItem.minecraft.birch_fence_gate":2,"stat.useItem.minecraft.red_sandstone":461,"stat.useItem.minecraft.leaves":7,"stat.sprintOneCm":145230,"stat.useItem.minecraft.diamond_block":7,"stat.useItem.minecraft.fence":216,"stat.killEntity.Skeleton":4,"achievement.openInventory":108,"stat.useItem.minecraft.cauldron":4,"stat.useItem.minecraft.barrier":92,"stat.mobKills":25,"stat.useItem.minecraft.wooden_pressure_plate":1,"stat.useItem.minecraft.dye":44,"stat.deaths":3,"stat.drop":54,"stat.playOneMinute":199651,"stat.killEntity.Zombie":6,"stat.useItem.minecraft.birch_stairs":7,"stat.useItem.minecraft.web":1}